{"cameraMode":{"drawMode":0,"name":"Shaded","section":"Shading Mode"},"sceneLighting":false,"audioPlay":false,"sceneViewState":{"m_AlwaysRefresh":false,"showFog":true,"showSkybox":false,"showFlares":true,"showImageEffects":true,"showParticleSystems":true,"showVisualEffectGraphs":true,"m_FxEnabled":true},"in2DMode":false,"pivot":{"x":-22.243003845214845,"y":0.009999999776482582,"z":-34.767486572265628},"rotation":{"x":0.17750099301338197,"y":-0.6931803822517395,"z":0.18247903883457185,"w":0.6743304133415222},"size":393.0062255859375,"orthographic":false}