{"cameraMode":{"drawMode":0,"name":"Shaded","section":"Shading Mode"},"sceneLighting":false,"audioPlay":false,"sceneViewState":{"m_AlwaysRefresh":false,"showFog":true,"showSkybox":true,"showFlares":true,"showImageEffects":true,"showParticleSystems":true,"showVisualEffectGraphs":true,"m_FxEnabled":true},"in2DMode":false,"pivot":{"x":25.461027145385743,"y":-14.429696083068848,"z":-8.218281745910645},"rotation":{"x":0.18631087243556977,"y":0.7009620666503906,"z":-0.19807733595371247,"w":0.6593224406242371},"size":17.413700103759767,"orthographic":false}