{
    "name": "root",
    "gauges": {
        "CarDriverML.Policy.Entropy.mean": {
            "value": 1.4365224838256836,
            "min": 1.4227070808410645,
            "max": 2.0290122032165527,
            "count": 49
        },
        "CarDriverML.Policy.Entropy.sum": {
            "value": 72012.875,
            "min": 70637.40625,
            "max": 105427.4765625,
            "count": 49
        },
        "CarDriverML.Step.mean": {
            "value": 2449951.0,
            "min": 49995.0,
            "max": 2449951.0,
            "count": 49
        },
        "CarDriverML.Step.sum": {
            "value": 2449951.0,
            "min": 49995.0,
            "max": 2449951.0,
            "count": 49
        },
        "CarDriverML.Policy.ExtrinsicValueEstimate.mean": {
            "value": -0.04040113463997841,
            "min": -1.3728269338607788,
            "max": 0.08037596195936203,
            "count": 49
        },
        "CarDriverML.Policy.ExtrinsicValueEstimate.sum": {
            "value": -8.08022689819336,
            "min": -362.4263000488281,
            "max": 17.76308822631836,
            "count": 49
        },
        "CarDriverML.Environment.EpisodeLength.mean": {
            "value": 999.0,
            "min": 293.2529411764706,
            "max": 999.0,
            "count": 49
        },
        "CarDriverML.Environment.EpisodeLength.sum": {
            "value": 49950.0,
            "min": 46493.0,
            "max": 53314.0,
            "count": 49
        },
        "CarDriverML.Environment.CumulativeReward.mean": {
            "value": 0.10000000149011612,
            "min": -0.10000000149011612,
            "max": 0.10000000149011612,
            "count": 49
        },
        "CarDriverML.Environment.CumulativeReward.sum": {
            "value": 5.000000074505806,
            "min": -16.900000251829624,
            "max": 5.200000077486038,
            "count": 49
        },
        "CarDriverML.Policy.ExtrinsicReward.mean": {
            "value": 0.10000000149011612,
            "min": -0.10000000149011612,
            "max": 0.10000000149011612,
            "count": 49
        },
        "CarDriverML.Policy.ExtrinsicReward.sum": {
            "value": 5.000000074505806,
            "min": -16.900000251829624,
            "max": 5.200000077486038,
            "count": 49
        },
        "CarDriverML.Losses.PolicyLoss.mean": {
            "value": 0.02220410543018564,
            "min": 0.019999447347557483,
            "max": 0.026212948324197592,
            "count": 49
        },
        "CarDriverML.Losses.PolicyLoss.sum": {
            "value": 0.1110205271509282,
            "min": 0.07999778939022993,
            "max": 0.13106474162098797,
            "count": 49
        },
        "CarDriverML.Losses.ValueLoss.mean": {
            "value": 0.0001468326215763227,
            "min": 9.065555084816879e-05,
            "max": 0.4522447457847496,
            "count": 49
        },
        "CarDriverML.Losses.ValueLoss.sum": {
            "value": 0.0007341631078816135,
            "min": 0.00042282682018897805,
            "max": 1.8089789831389984,
            "count": 49
        },
        "CarDriverML.Policy.LearningRate.mean": {
            "value": 0.00015147822026090202,
            "min": 0.00015147822026090202,
            "max": 0.00019948291025854498,
            "count": 49
        },
        "CarDriverML.Policy.LearningRate.sum": {
            "value": 0.0007573911013045101,
            "min": 0.00061796033101988,
            "max": 0.0009927494636252701,
            "count": 49
        },
        "CarDriverML.Policy.Epsilon.mean": {
            "value": 0.17573909800000004,
            "min": 0.17573909800000004,
            "max": 0.199741455,
            "count": 49
        },
        "CarDriverML.Policy.Epsilon.sum": {
            "value": 0.8786954900000001,
            "min": 0.70898012,
            "max": 0.9963747299999998,
            "count": 49
        },
        "CarDriverML.Policy.Beta.mean": {
            "value": 0.0037893809902000003,
            "min": 0.0037893809902000003,
            "max": 0.0049870986045,
            "count": 49
        },
        "CarDriverML.Policy.Beta.sum": {
            "value": 0.018946904951,
            "min": 0.015458107988000002,
            "max": 0.024819099027000004,
            "count": 49
        },
        "CarDriverML.IsTraining.mean": {
            "value": 1.0,
            "min": 1.0,
            "max": 1.0,
            "count": 49
        },
        "CarDriverML.IsTraining.sum": {
            "value": 1.0,
            "min": 1.0,
            "max": 1.0,
            "count": 49
        }
    },
    "metadata": {
        "timer_format_version": "0.1.0",
        "start_time_seconds": "1663863686",
        "python_version": "3.7.0 (default, Jun 28 2018, 08:04:48) [MSC v.1912 64 bit (AMD64)]",
        "command_line_arguments": "C:\\Users\\ridzo\\anaconda3\\envs\\Diplomka\\Scripts\\mlagents-learn configuration.yaml --run-id=TestCarPathNoPunishment6",
        "mlagents_version": "0.28.0",
        "mlagents_envs_version": "0.28.0",
        "communication_protocol_version": "1.5.0",
        "pytorch_version": "1.7.1+cu110",
        "numpy_version": "1.21.6",
        "end_time_seconds": "1663865914"
    },
    "total": 2228.6995153999997,
    "count": 1,
    "self": 0.006087599999773374,
    "children": {
        "run_training.setup": {
            "total": 0.08750179999999963,
            "count": 1,
            "self": 0.08750179999999963
        },
        "TrainerController.start_learning": {
            "total": 2228.6059259999997,
            "count": 1,
            "self": 2.8929025000202273,
            "children": {
                "TrainerController._reset_env": {
                    "total": 7.9690498,
                    "count": 1,
                    "self": 7.9690498
                },
                "TrainerController.advance": {
                    "total": 2217.6733160999793,
                    "count": 166674,
                    "self": 3.0169937000232494,
                    "children": {
                        "env_step": {
                            "total": 1685.8187486999977,
                            "count": 166674,
                            "self": 1070.4859738000562,
                            "children": {
                                "SubprocessEnvManager._take_step": {
                                    "total": 613.4284807999951,
                                    "count": 166674,
                                    "self": 8.787268599989716,
                                    "children": {
                                        "TorchPolicy.evaluate": {
                                            "total": 604.6412122000054,
                                            "count": 164281,
                                            "self": 229.2295536999717,
                                            "children": {
                                                "TorchPolicy.sample_actions": {
                                                    "total": 375.4116585000337,
                                                    "count": 164281,
                                                    "self": 375.4116585000337
                                                }
                                            }
                                        }
                                    }
                                },
                                "workers": {
                                    "total": 1.9042940999464388,
                                    "count": 166673,
                                    "self": 0.0,
                                    "children": {
                                        "worker_root": {
                                            "total": 2213.044291599979,
                                            "count": 166673,