{
    "name": "root",
    "gauges": {
        "VirML.Policy.Entropy.mean": {
            "value": 1.4119402170181274,
            "min": 1.4119402170181274,
            "max": 1.4251240491867065,
            "count": 8
        },
        "VirML.Policy.Entropy.sum": {
            "value": 70314.625,
            "min": 70314.625,
            "max": 73542.8046875,
            "count": 8
        },
        "VirML.Environment.EpisodeLength.mean": {
            "value": 196.0197628458498,
            "min": 190.27443609022558,
            "max": 199.0,
            "count": 8
        },
        "VirML.Environment.EpisodeLength.sum": {
            "value": 49593.0,
            "min": 48954.0,
            "max": 50613.0,
            "count": 8
        },
        "VirML.Step.mean": {
            "value": 399815.0,
            "min": 49879.0,
            "max": 399815.0,
            "count": 8
        },
        "VirML.Step.sum": {
            "value": 399815.0,
            "min": 49879.0,
            "max": 399815.0,
            "count": 8
        },
        "VirML.Policy.ExtrinsicValueEstimate.mean": {
            "value": 2937.861572265625,
            "min": 10.41628646850586,
            "max": 2937.861572265625,
            "count": 8
        },
        "VirML.Policy.ExtrinsicValueEstimate.sum": {
            "value": 743279.0,
            "min": 2718.65087890625,
            "max": 743279.0,
            "count": 8
        },
        "VirML.Environment.CumulativeReward.mean": {
            "value": 5588.969014405262,
            "min": 1480.8694894724879,
            "max": 5588.969014405262,
            "count": 8
        },
        "VirML.Environment.CumulativeReward.sum": {
            "value": 1414009.1606445312,
            "min": 386506.93675231934,
            "max": 1414009.1606445312,
            "count": 8
        },
        "VirML.Policy.ExtrinsicReward.mean": {
            "value": 5588.969014405262,
            "min": 1480.8694894724879,
            "max": 5588.969014405262,
            "count": 8
        },
        "VirML.Policy.ExtrinsicReward.sum": {
            "value": 1414009.1606445312,
            "min": 386506.93675231934,
            "max": 1414009.1606445312,
            "count": 8
        },
        "VirML.Losses.PolicyLoss.mean": {
            "value": 0.02566588760664066,
            "min": 0.021512480555102232,
            "max": 0.027027239489058653,
            "count": 8
        },
        "VirML.Losses.PolicyLoss.sum": {
            "value": 0.1283294380332033,
            "min": 0.09631078615784645,
            "max": 0.13513619744529326,
            "count": 8
        },
        "VirML.Losses.ValueLoss.mean": {
            "value": 56532.48611328126,
            "min": 14377.58937174479,
            "max": 56532.48611328126,
            "count": 8
        },
        "VirML.Losses.ValueLoss.sum": {
            "value": 282662.4305664063,
            "min": 57510.35748697916,
            "max": 282662.4305664063,
            "count": 8
        },
        "VirML.Policy.LearningRate.mean": {
            "value": 0.00028868390177203397,
            "min": 0.00028868390177203397,
            "max": 0.00029919467276844254,
            "count": 8
        },
        "VirML.Policy.LearningRate.sum": {
            "value": 0.00144341950886017,
            "min": 0.0011789927170024297,
            "max": 0.0014888161537279497,
            "count": 8
        },
        "VirML.Policy.Epsilon.mean": {
            "value": 0.196227966,
            "min": 0.196227966,
            "max": 0.1997315575,
            "count": 8
        },
        "VirML.Policy.Epsilon.sum": {
            "value": 0.98113983,
            "min": 0.79299757,
            "max": 0.9962720499999999,
            "count": 8
        },
        "VirML.Policy.Beta.mean": {
            "value": 0.0048117755034,
            "min": 0.0048117755034,
            "max": 0.004986604719249999,
            "count": 8
        },
        "VirML.Policy.Beta.sum": {
            "value": 0.024058877517,
            "min": 0.019650578743,
            "max": 0.024813975295,
            "count": 8
        },
        "VirML.IsTraining.mean": {
            "value": 1.0,
            "min": 1.0,
            "max": 1.0,
            "count": 8
        },
        "VirML.IsTraining.sum": {
            "value": 1.0,
            "min": 1.0,
            "max": 1.0,
            "count": 8
        }
    },
    "metadata": {
        "timer_format_version": "0.1.0",
        "start_time_seconds": "1670439683",
        "python_version": "3.7.0 (default, Jun 28 2018, 08:04:48) [MSC v.1912 64 bit (AMD64)]",
        "command_line_arguments": "C:\\Users\\ridzo\\anaconda3\\envs\\Diplomka\\Scripts\\mlagents-learn configuration.yaml --run-id=vir5",
        "mlagents_version": "0.28.0",
        "mlagents_envs_version": "0.28.0",
        "communication_protocol_version": "1.5.0",
        "pytorch_version": "1.7.1+cu110",
        "numpy_version": "1.21.6",
        "end_time_seconds": "1670440069"
    },
    "total": 385.6867988,
    "count": 1,
    "self": 0.006460099999969771,
    "children": {
        "run_training.setup": {
            "total": 0.08670989999999978,
            "count": 1,
            "self": 0.08670989999999978
        },
        "TrainerController.start_learning": {
            "total": 385.59362880000003,
            "count": 1,
            "self": 0.3686552999996593,
            "children": {
                "TrainerController._reset_env": {
                    "total": 7.9256966,
                    "count": 1,
                    "self": 7.9256966
                },
                "TrainerController.advance": {
                    "total": 377.2114966000004,
                    "count": 21434,
                    "self": 0.3702268000027402,
                    "children": {
                        "env_step": {
                            "total": 297.7668515999975,
                            "count": 21434,
                            "self": 249.0320012999988,
                            "children": {
                                "SubprocessEnvManager._take_step": {
                                    "total": 48.493917999999496,
                                    "count": 21434,
                                    "self": 1.212785400000385,
                                    "children": {
                                        "TorchPolicy.evaluate": {
                                            "total": 47.28113259999911,
                                            "count": 20208,
                                            "self": 21.017909799999682,
                                            "children": {
                                                "TorchPolicy.sample_actions": {
                                                    "total": 26.26322279999943,
                                                    "count": 20208,
                                                    "self": 26.26322279999943
                                                }
                                            }
                                        }
                                    }
                                },
                                "workers": {
                                    "total": 0.2409322999992174,
                                    "count": 21433,
                                    "self": 0.0,
                                    "children": {
                                        "worker_root": {
                                            "total": 258.429139700004,
                                            "count": 21433,
                                            "is_parallel": true,
                                            "self": 153.75826040000342,