{
    "name": "root",
    "gauges": {
        "VirML.Policy.Entropy.mean": {
            "value": 1.251111626625061,
            "min": 1.251111626625061,
            "max": 1.416540503501892,
            "count": 164
        },
        "VirML.Policy.Entropy.sum": {
            "value": 62405.44921875,
            "min": 62405.44921875,
            "max": 74170.0625,
            "count": 164
        },
        "VirML.Environment.EpisodeLength.mean": {
            "value": 198.01195219123505,
            "min": 186.91011235955057,
            "max": 198.984,
            "count": 164
        },
        "VirML.Environment.EpisodeLength.sum": {
            "value": 49701.0,
            "min": 49442.0,
            "max": 49986.0,
            "count": 164
        },
        "VirML.Step.mean": {
            "value": 8199859.0,
            "min": 49972.0,
            "max": 8199859.0,
            "count": 164
        },
        "VirML.Step.sum": {
            "value": 8199859.0,
            "min": 49972.0,
            "max": 8199859.0,
            "count": 164
        },
        "VirML.Policy.ExtrinsicValueEstimate.mean": {
            "value": 95862.3828125,
            "min": 11.861102104187012,
            "max": 96360.453125,
            "count": 164
        },
        "VirML.Policy.ExtrinsicValueEstimate.sum": {
            "value": 24061458.0,
            "min": 3155.05322265625,
            "max": 24834608.0,
            "count": 164
        },
        "VirML.Environment.CumulativeReward.mean": {
            "value": 191567.75035794324,
            "min": 181320.99888392858,
            "max": 193217.04021414343,
            "count": 164
        },
        "VirML.Environment.CumulativeReward.sum": {
            "value": 48083505.33984375,
            "min": 48002131.65625,
            "max": 48562898.84375,
            "count": 164
        },
        "VirML.Policy.ExtrinsicReward.mean": {
            "value": 191567.75035794324,
            "min": 181320.99888392858,
            "max": 193217.04021414343,
            "count": 164
        },
        "VirML.Policy.ExtrinsicReward.sum": {
            "value": 48083505.33984375,
            "min": 48002131.65625,
            "max": 48562898.84375,
            "count": 164
        },
        "VirML.Losses.PolicyLoss.mean": {
            "value": 0.023227783345306913,
            "min": 0.019958109424139066,
            "max": 0.027110588370511928,
            "count": 164
        },
        "VirML.Losses.PolicyLoss.sum": {
            "value": 0.11613891672653456,
            "min": 0.0808395761763677,
            "max": 0.13555294185255964,
            "count": 164
        },
        "VirML.Losses.ValueLoss.mean": {
            "value": 6190810.405052084,
            "min": 1628418.51390625,
            "max": 230928541.01333332,
            "count": 164
        },
        "VirML.Losses.ValueLoss.sum": {
            "value": 30954052.02526042,
            "min": 8142092.56953125,
            "max": 1154642705.0666666,
            "count": 164
        },
        "VirML.Policy.LearningRate.mean": {
            "value": 5.466437177857e-05,
            "min": 5.466437177857e-05,
            "max": 0.000299210205263265,
            "count": 164
        },
        "VirML.Policy.LearningRate.sum": {
            "value": 0.00027332185889285,
            "min": 0.00024293590902146997,
            "max": 0.0014890806036397999,
            "count": 164
        },
        "VirML.Policy.Epsilon.mean": {
            "value": 0.11822143,
            "min": 0.11822143,
            "max": 0.19973673500000005,
            "count": 164
        },
        "VirML.Policy.Epsilon.sum": {
            "value": 0.59110715,
            "min": 0.48097853,
            "max": 0.9963602000000003,
            "count": 164
        },
        "VirML.Policy.Beta.mean": {
            "value": 0.000919249357,
            "min": 0.000919249357,
            "max": 0.0049868630765,
            "count": 164
        },
        "VirML.Policy.Beta.sum": {
            "value": 0.004596246785,
            "min": 0.004080828647000001,
            "max": 0.024818373980000002,
            "count": 164
        },
        "VirML.IsTraining.mean": {
            "value": 1.0,
            "min": 1.0,
            "max": 1.0,
            "count": 164
        },
        "VirML.IsTraining.sum": {
            "value": 1.0,
            "min": 1.0,
            "max": 1.0,
            "count": 164
        }
    },
    "metadata": {
        "timer_format_version": "0.1.0",
        "start_time_seconds": "1670426593",
        "python_version": "3.7.0 (default, Jun 28 2018, 08:04:48) [MSC v.1912 64 bit (AMD64)]",
        "command_line_arguments": "C:\\Users\\ridzo\\anaconda3\\envs\\Diplomka\\Scripts\\mlagents-learn configuration.yaml --run-id=vir3",
        "mlagents_version": "0.28.0",
        "mlagents_envs_version": "0.28.0",
        "communication_protocol_version": "1.5.0",
        "pytorch_version": "1.7.1+cu110",
        "numpy_version": "1.21.6",
        "end_time_seconds": "1670431691"
    },
    "total": 5097.792506,
    "count": 1,
    "self": 0.00601479999932053,
    "children": {
        "run_training.setup": {
            "total": 0.08995789999999992,
            "count": 1,
            "self": 0.08995789999999992
        },
        "TrainerController.start_learning": {
            "total": 5097.696533300001,
            "count": 1,
            "self": 7.555076899935557,
            "children": {
                "TrainerController._reset_env": {
                    "total": 7.3888058999999995,
                    "count": 1,
                    "self": 7.3888058999999995
                },
                "TrainerController.advance": {
                    "total": 5082.708939000065,
                    "count": 436651,
                    "self": 7.807727499882276,
                    "children": {
                        "env_step": {
                            "total": 3437.6227717001007,
                            "count": 436651,
                            "self": 2422.5843695996773,
                            "children": {
                                "SubprocessEnvManager._take_step": {
                                    "total": 1009.9665805003328,
                                    "count": 436651,
                                    "self": 24.789303200458562,
                                    "children": {
                                        "TorchPolicy.evaluate": {
                                            "total": 985.1772772998743,
                                            "count": 411739,
                                            "self": 462.4495389999072,
                                            "children": {
                                                "TorchPolicy.sample_actions": {
                                                    "total": 522.7277382999671,
                                                    "count": 411739,
                                                    "self": 522.7277382999671
                                                }
                                            }
                                        }
                                    }
                                },
                                "workers": {
                                    "total": 5.071821600090713,
                                    "count": 436650,
                                    "self": 0.0,
                                    "children": {
                                        "worker_root": {
                                            "total": 5082.387393399636,
                                            "count": 436650,
                                            "is_parallel": true,
                                            "self": 3164.164715899866,