{
    "name": "root",
    "gauges": {
        "CarDriverML.Policy.Entropy.mean": {
            "value": 1.0212788581848145,
            "min": 1.0212093591690063,
            "max": 1.4149810075759888,
            "count": 169
        },
        "CarDriverML.Policy.Entropy.sum": {
            "value": 50134.578125,
            "min": 50134.578125,
            "max": 70890.546875,
            "count": 169
        },
        "CarDriverML.Environment.EpisodeLength.mean": {
            "value": 850.6842105263158,
            "min": 22.481916392672616,
            "max": 954.0784313725491,
            "count": 169
        },
        "CarDriverML.Environment.EpisodeLength.sum": {
            "value": 48489.0,
            "min": 47415.0,
            "max": 51990.0,
            "count": 169
        },
        "CarDriverML.Step.mean": {
            "value": 8449932.0,
            "min": 49998.0,
            "max": 8449932.0,
            "count": 169
        },
        "CarDriverML.Step.sum": {
            "value": 8449932.0,
            "min": 49998.0,
            "max": 8449932.0,
            "count": 169
        },
        "CarDriverML.Policy.ExtrinsicValueEstimate.mean": {
            "value": -0.07915332913398743,
            "min": -2.4398248195648193,
            "max": 0.02345990762114525,
            "count": 169
        },
        "CarDriverML.Policy.ExtrinsicValueEstimate.sum": {
            "value": -16.38473892211914,
            "min": -4481.9580078125,
            "max": 28.17534828186035,
            "count": 169
        },
        "CarDriverML.Environment.CumulativeReward.mean": {
            "value": -0.49289668672557535,
            "min": -0.5736864331890555,
            "max": 0.15839633301558045,
            "count": 169
        },
        "CarDriverML.Environment.CumulativeReward.sum": {
            "value": -28.58800783008337,
            "min": -252.26002446375787,
            "max": 197.4650195389986,
            "count": 169
        },
        "CarDriverML.Policy.ExtrinsicReward.mean": {
            "value": -0.49289668672557535,
            "min": -0.5736864331890555,
            "max": 0.15839633301558045,
            "count": 169
        },
        "CarDriverML.Policy.ExtrinsicReward.sum": {
            "value": -28.58800783008337,
            "min": -252.26002446375787,
            "max": 197.4650195389986,
            "count": 169
        },
        "CarDriverML.Losses.PolicyLoss.mean": {
            "value": 0.02361593660277625,
            "min": 0.019439283637329934,
            "max": 0.028605905144164962,
            "count": 169
        },
        "CarDriverML.Losses.PolicyLoss.sum": {
            "value": 0.11807968301388125,
            "min": 0.0846791665845861,
            "max": 0.1430295257208248,
            "count": 169
        },
        "CarDriverML.Losses.ValueLoss.mean": {
            "value": 5.878219862400632e-05,
            "min": 4.500019133653647e-05,
            "max": 2.0832735798011224,
            "count": 169
        },
        "CarDriverML.Losses.ValueLoss.sum": {
            "value": 0.0002939109931200316,
            "min": 0.0002151559153086661,
            "max": 8.33309431920449,
            "count": 169
        },
        "CarDriverML.Policy.LearningRate.mean": {
            "value": 3.1504716247684e-05,
            "min": 3.1504716247684e-05,
            "max": 0.00019948727025636499,
            "count": 169
        },
        "CarDriverML.Policy.LearningRate.sum": {
            "value": 0.00015752358123842001,
            "min": 0.00013804397097818,
            "max": 0.00099282212358894,
            "count": 169
        },
        "CarDriverML.Policy.Epsilon.mean": {
            "value": 0.115752316,
            "min": 0.115752316,
            "max": 0.19974363499999997,
            "count": 169
        },
        "CarDriverML.Policy.Epsilon.sum": {
            "value": 0.57876158,
            "min": 0.46902182000000003,
            "max": 0.99641106,
            "count": 169
        },
        "CarDriverML.Policy.Beta.mean": {
            "value": 0.0007960405684000001,
            "min": 0.0007960405684000001,
            "max": 0.004987207386499999,
            "count": 169
        },
        "CarDriverML.Policy.Beta.sum": {
            "value": 0.0039802028420000005,
            "min": 0.0034841888180000002,
            "max": 0.024820911893999997,
            "count": 169
        },
        "CarDriverML.IsTraining.mean": {
            "value": 1.0,
            "min": 1.0,
            "max": 1.0,
            "count": 169
        },
        "CarDriverML.IsTraining.sum": {
            "value": 1.0,
            "min": 1.0,
            "max": 1.0,
            "count": 169
        }
    },
    "metadata": {
        "timer_format_version": "0.1.0",
        "start_time_seconds": "1663951704",
        "python_version": "3.7.0 (default, Jun 28 2018, 08:04:48) [MSC v.1912 64 bit (AMD64)]",
        "command_line_arguments": "C:\\Users\\ridzo\\anaconda3\\envs\\Diplomka\\Scripts\\mlagents-learn configuration.yaml --run-id=TestCarPathNoPunishment9",
        "mlagents_version": "0.28.0",
        "mlagents_envs_version": "0.28.0",
        "communication_protocol_version": "1.5.0",
        "pytorch_version": "1.7.1+cu110",
        "numpy_version": "1.21.6",
        "end_time_seconds": "1663961529"
    },
    "total": 9826.209631599999,
    "count": 1,
    "self": 0.006110499998612795,
    "children": {
        "run_training.setup": {
            "total": 0.1253500999999999,
            "count": 1,
            "self": 0.1253500999999999
        },
        "TrainerController.start_learning": {
            "total": 9826.078171000001,
            "count": 1,
            "self": 17.520105299992792,
            "children": {
                "TrainerController._reset_env": {
                    "total": 7.556802299999999,
                    "count": 1,
                    "self": 7.556802299999999
                },
                "TrainerController.advance": {
                    "total": 9800.95412040001,
                    "count": 911772,
                    "self": 17.53472749935645,
                    "children": {
                        "env_step": {
                            "total": 7700.517614700595,
                            "count": 911772,
                            "self": 5242.160308300063,
                            "children": {
                                "SubprocessEnvManager._take_step": {
                                    "total": 2447.0713114003865,
                                    "count": 911772,
                                    "self": 54.11718210073286,
                                    "children": {
                                        "TorchPolicy.evaluate": {
                                            "total": 2392.9541292996537,
                                            "count": 846591,
                                            "self": 1277.8246527004571,
                                            "children": {
                                                "TorchPolicy.sample_actions": {
                                                    "total": 1115.1294765991966,
                                                    "count": 846591,
                                                    "self": 1115.1294765991966
                                                }
                                            }
                                        }
                                    }
                                },
                                "workers": {
                                    "total": 11.285995000145356,
                                    "count": 911771,
                                    "self": 0.0,
                                    "children": {
                                        "worker_root": {
                                            "total": 9787.54201289993,