{"cameraMode":{"drawMode":0,"name":"Shaded","section":"Shading Mode"},"sceneLighting":false,"audioPlay":false,"sceneViewState":{"m_AlwaysRefresh":false,"showFog":true,"showSkybox":false,"showFlares":true,"showImageEffects":true,"showParticleSystems":true,"showVisualEffectGraphs":true,"m_FxEnabled":true},"in2DMode":false,"pivot":{"x":0.0006704330444335938,"y":0.8629810810089111,"z":1.2779548168182374},"rotation":{"x":0.17750099301338197,"y":-0.6931803822517395,"z":0.18247903883457185,"w":0.6743304133415222},"size":2.486955404281616,"orthographic":false}