{"cameraMode":{"drawMode":0,"name":"Shaded","section":"Shading Mode"},"sceneLighting":false,"audioPlay":false,"sceneViewState":{"m_AlwaysRefresh":false,"showFog":true,"showSkybox":false,"showFlares":true,"showImageEffects":true,"showParticleSystems":true,"showVisualEffectGraphs":true,"m_FxEnabled":true},"in2DMode":false,"pivot":{"x":0.0010230541229248047,"y":1.1252151727676392,"z":2.0373449325561525},"rotation":{"x":0.17750099301338197,"y":-0.6931803822517395,"z":0.18247903883457185,"w":0.6743304133415222},"size":5.037895679473877,"orthographic":false}